cue	output	kind	frames	sample_rate	duration_seconds	peak	rms	sha256	provenance
equipblade	Assets/Resources/Audio/Sfx/equipblade.wav	sfx	26880	48000	0.56	0.678925	0.119996	2384c1b2464b20a05e876796744de684641ea6949e7aa8d33978b0afa9d3aae2	Original deterministic synthesis; no external samples
equipbow	Assets/Resources/Audio/Sfx/equipbow.wav	sfx	23040	48000	0.48	0.584747	0.119996	ccd5c14ae595dc92db8f4f400054228a36bd3c52942230ef94ced8a7e0074584	Original deterministic synthesis; no external samples
equipstaff	Assets/Resources/Audio/Sfx/equipstaff.wav	sfx	31680	48000	0.66	0.613251	0.119996	6ecf1afec7daca4817646c960ae44abc2e819bb682a22a0deaa2cd7be4d85f4a	Original deterministic synthesis; no external samples
equipcloth	Assets/Resources/Audio/Sfx/equipcloth.wav	sfx	21120	48000	0.44	0.644897	0.119996	71610a7a963d1a16b375dab6f1a6c6d7dd360aed5012c3a462b8898dd55742f1	Original deterministic synthesis; no external samples
equipmail	Assets/Resources/Audio/Sfx/equipmail.wav	sfx	26400	48000	0.55	0.621338	0.119996	27cee5d1853dd7c70b64f4c0ecfd82050c73f2b0b108158811e9537eccc99eaf	Original deterministic synthesis; no external samples
equipplate	Assets/Resources/Audio/Sfx/equipplate.wav	sfx	27360	48000	0.57	0.764038	0.119996	a5cc857b9a30c557add2df51775b6ecc8078e20daf79dc0277e5c6cb800777ef	Original deterministic synthesis; no external samples
chestopen	Assets/Resources/Audio/Sfx/chestopen.wav	sfx	41280	48000	0.86	0.535797	0.104997	e7283a717029e36c3aeb6983927ce4d1b3a15f16b0f57f7de65999572fbc9e1c	Original deterministic synthesis; no external samples
lootrare	Assets/Resources/Audio/Sfx/lootrare.wav	sfx	46080	48000	0.96	0.503235	0.104997	4cb95257c0f7429b53ee9f7c0d346370d5636c33f869189bb325cd94115a95bb	Original deterministic synthesis; no external samples
zonediscover	Assets/Resources/Audio/Sfx/zonediscover.wav	sfx	55680	48000	1.16	0.493469	0.104997	c43ac939d255888308ca015f520a421d76b424f18e16bd4b653c4cec10783068	Original deterministic synthesis; no external samples
questcomplete	Assets/Resources/Audio/Sfx/questcomplete.wav	sfx	63360	48000	1.32	0.586884	0.104997	2e5b3199bd8a9a03e91f16a737e58eb829bcafcb25af51be13d3f881971985f7	Original deterministic synthesis; no external samples
footstone__v1	Assets/Resources/Audio/Sfx/footstone__v1.wav	sfx	13440	48000	0.28	0.430389	0.050399	2bf7c2716dd2a66c90f97f910364ee6188737b271561a64e9102ae3d6d6c329a	Original deterministic synthesis; no external samples
footstone__v2	Assets/Resources/Audio/Sfx/footstone__v2.wav	sfx	13440	48000	0.28	0.413391	0.050398	ae20eb77558f12c98ac7569843fe4c549e32452ef34519c7f20f76b8efa6c3df	Original deterministic synthesis; no external samples
footearth__v1	Assets/Resources/Audio/Sfx/footearth__v1.wav	sfx	14400	48000	0.3	0.434174	0.040499	883b496ac74886beabdeab6c21bb3f0c4d137a66aa2ba6de6656fff7cf06810e	Original deterministic synthesis; no external samples
footearth__v2	Assets/Resources/Audio/Sfx/footearth__v2.wav	sfx	14400	48000	0.3	0.385132	0.040499	6fc6e8a67705d9df694e1f41efa8b749cb8728b34797e3645a0f37ffcf23086c	Original deterministic synthesis; no external samples
footwood__v1	Assets/Resources/Audio/Sfx/footwood__v1.wav	sfx	13920	48000	0.29	0.739502	0.096397	3f6cdd92b99a862309efc3a676eae34899c980d832050c017bf89f52b0a6b32b	Original deterministic synthesis; no external samples
footwood__v2	Assets/Resources/Audio/Sfx/footwood__v2.wav	sfx	13920	48000	0.29	0.72522	0.096397	cb28dd9dd39796601b04354ed324d18bb2241393117fab9498a79a9352c7805a	Original deterministic synthesis; no external samples
footwater__v1	Assets/Resources/Audio/Sfx/footwater__v1.wav	sfx	14400	48000	0.3	0.695496	0.127914	892169961d45d8453c3cdbd200eb83ac3c2fee232628108e4bbd07daeb1a38b8	Original deterministic synthesis; no external samples
footwater__v2	Assets/Resources/Audio/Sfx/footwater__v2.wav	sfx	14400	48000	0.3	0.690063	0.13067	4d1c16cb91a40c4527488725d9173692e6bfd7cb860b09d8f1b8b51f4c286e00	Original deterministic synthesis; no external samples
footglass__v1	Assets/Resources/Audio/Sfx/footglass__v1.wav	sfx	11520	48000	0.24	0.732666	0.143064	66abe10527ed8668be658f3638445c25c51d74860c70f3e80815e42e2d510b91	Original deterministic synthesis; no external samples
footglass__v2	Assets/Resources/Audio/Sfx/footglass__v2.wav	sfx	11520	48000	0.24	0.768738	0.141426	2c7daf117475987c875306846c3a97769a01f735a7c6505244a42f1c18bc4a7a	Original deterministic synthesis; no external samples
footmud__v1	Assets/Resources/Audio/Sfx/footmud__v1.wav	sfx	13920	48000	0.29	0.679199	0.147205	674fcfb60a5d5aadc51c7c388e71e68372e551726c36f12227c54993a26d5ec4	Original deterministic synthesis; no external samples
footmud__v2	Assets/Resources/Audio/Sfx/footmud__v2.wav	sfx	13920	48000	0.29	0.714783	0.147084	64a53d9bc24da0dd0729f27f817a5714abac5370f71c34a42b5dd88d5598d337	Original deterministic synthesis; no external samples
footash__v1	Assets/Resources/Audio/Sfx/footash__v1.wav	sfx	11520	48000	0.24	0.72821	0.143774	2fa7afd13a5a5c53f4ffc89bfb93d83776785e36b9da387867ad027d901dcba0	Original deterministic synthesis; no external samples
footash__v2	Assets/Resources/Audio/Sfx/footash__v2.wav	sfx	11520	48000	0.24	0.741455	0.143425	0d17114b7f17c3b9fe0fd351ce7f90a69d5ff8a8f39e23deeaf7c24068fc37c9	Original deterministic synthesis; no external samples
footgravel__v1	Assets/Resources/Audio/Sfx/footgravel__v1.wav	sfx	12000	48000	0.25	0.755859	0.139785	b566c914c0316b25789b67860ecf82b38426553e6c5721ab6761fdb233b49e7b	Original deterministic synthesis; no external samples
footgravel__v2	Assets/Resources/Audio/Sfx/footgravel__v2.wav	sfx	12000	48000	0.25	0.742767	0.141877	6141d03953649c195889d6ac97ef40c7f93a26ebdba435f4ed243acb450e632c	Original deterministic synthesis; no external samples
